{"cameraMode":{"drawMode":0,"name":"Shaded","section":"Shading Mode"},"sceneLighting":true,"audioPlay":false,"sceneViewState":{"m_AlwaysRefresh":false,"showFog":true,"showSkybox":true,"showFlares":true,"showImageEffects":true,"showParticleSystems":true,"showVisualEffectGraphs":true,"m_FxEnabled":true},"in2DMode":false,"pivot":{"x":94.33818054199219,"y":289.82452392578127,"z":136.0160369873047},"rotation":{"x":0.06474808603525162,"y":0.014369357377290726,"z":-0.0009324414422735572,"w":0.9977993965148926},"size":324.6269226074219,"orthographic":true}